{
    "total_fights": 41,
    "style_profile": "Berserker",
    "habit_scores": {
        "aviator": 7.178101044549123e-08,
        "berserker": 0.6646185437431849,
        "twitchy": 0.15239654955570608
    }
}